{"cameraMode":{"drawMode":0,"name":"Shaded","section":"Shading Mode"},"sceneLighting":true,"audioPlay":false,"sceneViewState":{"showFog":false,"showMaterialUpdate":false,"showSkybox":true,"showFlares":true,"showImageEffects":true,"showParticleSystems":true,"showVisualEffectGraphs":true,"m_FxEnabled":true},"in2DMode":false,"pivot":{"x":5.250101089477539,"y":0.7761133313179016,"z":0.09277695417404175},"rotation":{"x":-0.057498618960380557,"y":-0.9415751099586487,"z":0.2554216980934143,"w":-0.21192507445812226},"size":0.9878667593002319,"orthographic":false}